Destination,Madiwala Bengaluru,Padmanabhanagar Bengaluru,JP-Nagar Bengaluru,BTM-Layouts Bengaluru,Jayanagar Bengaluru,Kathriguppe Bengaluru,Basavangudi Bengaluru,Hosakerahalli Bengaluru,Koramangala Bengaluru,Chamrajpet Bengaluru,Attiguppe Bengaluru,Girinagar Bengaluru,Lakkasandra Bengaluru,Deepanjali-Nagar Bengaluru,PES-University Bengaluru,MG-Road Bengaluru
Madiwala Bengaluru,0,98,73,46,44,74,44,69,32,97,52,67,45,80,99,79
Padmanabhanagar Bengaluru,86,0,90,93,40,89,59,86,65,82,77,75,73,59,42,82
JP-Nagar Bengaluru,69,93,0,73,44,76,45,85,63,68,59,84,76,76,48,78
BTM-Layouts Bengaluru,97,70,81,0,54,83,94,77,35,82,53,89,34,98,56,48
Jayanagar Bengaluru,35,73,51,39,0,51,44,73,43,78,59,53,38,76,57,40
Kathriguppe Bengaluru,91,73,76,44,71,0,56,51,61,58,68,41,91,37,44,75
Basavangudi Bengaluru,88,75,71,46,44,32,0,63,95,68,76,73,72,73,85,62
Hosakerahalli Bengaluru,82,66,56,65,47,86,64,0,75,75,52,39,32,49,80,33
Koramangala Bengaluru,32,86,41,40,49,53,33,30,0,73,100,97,37,53,31,53
Chamrajpet Bengaluru,36,93,87,49,44,92,97,90,62,0,54,70,55,89,96,75
Attiguppe Bengaluru,48,96,61,52,87,49,98,60,77,92,0,43,59,44,49,92
Girinagar Bengaluru,70,63,79,41,83,70,59,80,79,60,43,0,47,81,85,100
Lakkasandra Bengaluru,51,87,38,67,77,63,41,54,64,34,36,62,0,82,57,72
Deepanjali-Nagar Bengaluru,76,48,55,97,37,94,33,76,80,79,84,33,95,0,45,45
PES-University Bengaluru,61,92,92,40,35,86,89,94,65,78,62,62,66,61,0,94
MG-Road Bengaluru,36,38,88,36,63,78,73,38,59,42,82,52,62,42,49,0
